id,name,address,city,map_link,services,open_time,close_time
1,"ZUS Coffee - Binjai 8 Premium SOHO","8, NO, G04, Pangsapuri Servis (Suite) Binjai, 2, Lrg Binjai, 50450 Kuala Lumpur",Kuala Lumpur,https://g.page/ZusCoffee?share,"Delivery, Dine-in, Takeaway",07:00,17:40
2,"ZUS Coffee - THE FLO Sri Damansara","GF-3, The Flo, Persiaran Perdana, Bandar Sri Damansara, 52200 Petaling Jaya, Wilayah Persekutuan Kuala Lumpur",Kuala Lumpur,https://goo.gl/maps/1hLReCzvSJRyFq8S9,"Dine-in, No-contact delivery, Takeaway",07:00,22:40
3,"ZUS Coffee | IOI Boulevard | Puchong","B-G-13A, Block B, Ground, Puchong-ioi Boulevard, Jalan Kenari 4, Bandar Puchong Jaya, 47100 Puchong, Selangor",Puchong,https://goo.gl/maps/2HJnduG8ue4t45MZ8,"Dine-in, No-contact delivery, Takeaway",07:00,22:40
4,"BREWISSA - Denai Alam, Shah Alam","39-1, Jln Elektron U16/D, Denai Alam, 40160 Shah Alam, Selangor",Shah Alam,https://goo.gl/maps/2UDd59PdTC7sSwKR7,"Dine-in, Kerbside pickup, No-contact delivery",08:00,22:40
5,"ZUS Coffee - Antara Gapi, Serendah","3, Perniagaan, No 15-G (Ground Floor, Jalan Gapi 1a, Antara Gapi, 48200 Serendah, Selangor",Serendah,https://goo.gl/maps/3kTB4G5CqSSug3Ew9,"Dine-in, Kerbside pickup, No-contact delivery",09:00,21:40
6,"ZUS Coffee - Cheras Traders Square","83A- G, Jalan Dataran Cheras 4, Dataran Perniagaan Cheras Cheras, 43200 Kuala Lumpur, Selangor",Kuala Lumpur,https://goo.gl/maps/57v1hCYjiF7CJvv36,"Dine-in, No-contact delivery, Takeaway",08:00,21:40
7,"ZUS Coffee - The Curve","K-G27, W, Curve, Jln PJU 7/3, Mutiara Damansara, 47820 Petaling Jaya, Selangor",Petaling Jaya,https://goo.gl/maps/5WpCbqwgiqmarPBQ9,"Dine-in, No-contact delivery, Takeaway",08:00,21:40
8,"ZUS Coffee - Hartamas Shopping Centre","Lot P-03M(1), Plaza Ground Floor, Hartamas Shopping Centre, 60, Jalan Sri Hartamas 1, Sri Hartamas, 50480 Kuala Lumpur, Federal Territory of Kuala Lumpur",Kuala Lumpur,https://goo.gl/maps/758BwxAPbNza1Smb9,"Dine-in, Takeaway, Delivery",08:00,21:40
9,"ZUS Coffee - Dataran Sunway, Kota Damansara","No. 27-1, Jalan PJU 5/12, Dataran Sunway, Kota Damansara, 47810, Selangor",Kota Damansara,https://goo.gl/maps/7w94urB4cH6zs9pU8,"Dine-in, Takeaway, Delivery",07:00,22:40
10,"ZUS Coffee - Datum Jelatek Mall","L1-K-09 & 07 (level 1, Datum Jelatek Mall, Jalan Enggang, Taman Keramat, 54200 Ampang, Wilayah Persekutuan Kuala Lumpur",Kuala Lumpur,https://goo.gl/maps/8fiwceaE2fBox6KB7,"Dine-in, No-contact delivery, Takeaway",10:00,21:40
11,"ZUS Coffee Quill City Mall","LG-23A, 1018, Jln Sultan Ismail, Bandar Wawasan, 54200 Kuala Lumpur, Wilayah Persekutuan Kuala Lumpur",Kuala Lumpur,https://goo.gl/maps/8mazjnsEBYLNE7SAA,"Dine-in, Kerbside pickup, No-contact delivery",10:00,21:40
12,"ZUS Coffee - Bandar Tasik Puteri, Rawang","No 82-G-A, Ground Floor, Jalan 7a/2, Bandar Tasik Puteri, 48020 Rawang, Selangor",Rawang,https://goo.gl/maps/8rPEmN2RWEr2nKtr5,"Dine-in, No-contact delivery, Takeaway",07:00,21:40
13,"ZUS Coffee - Jalan Tun Perak, Masjid Jamek","GROUND FLOOR, No. 45-1 & 45-2, Lebuh Ampang, City Centre, 50100 Kuala Lumpur",Kuala Lumpur,https://goo.gl/maps/amJyLZ5Kwx2k3VGe6,"Dine-in, Kerbside pickup, No-contact delivery",07:00,21:40
14,"ZUS Coffee - Jalan Dwitasik 1, Bandar Sri Permaisuri","11G, Jalan Dwitasik 1, Bandar Sri Permaisuri, 56000 Cheras, Wilayah Persekutuan Kuala Lumpur",Kuala Lumpur,https://goo.gl/maps/AEAGzQnW8btggXtx5,"Dine-in, Takeaway",07:00,22:40
15,"ZUS Coffee - Suria KLCC","Lot No. OS301 , Level 3, Petronas Twin Tower, Persiaran Petronas, Kuala Lumpur City Centre, 50088 Kuala Lumpur, Wilayah Persekutuan Kuala Lumpur",Kuala Lumpur,https://goo.gl/maps/ARggtH6kcQrkYHvd9,"Dine-in, Kerbside pickup, No-contact delivery",08:00,21:40
16,"ZUS Coffee - Bandar Seri Coalfields, Sungai Buloh","No 32 (Ground Floor, Bandar Seri Coalfields by KLK Land, Jalan BSC 2B/2, 47000 Sungai Buloh, Selangor",Sungai Buloh,https://goo.gl/maps/Au3qUb6U4pqjy1eE9,"Dine-in, Kerbside pickup, No-contact delivery",07:00,22:40
17,"ZUS Coffee - Tower 8, Horizon 2, Bangsar South","Phase 2, No.8, DKLS Tower, Ground Floor, Tower 8, Avenue 5, The Horizon, Jalan Kerinchi, Bangsar South, 59200 Kuala Lumpur, Wilayah Persekutuan Kuala Lumpur",Kuala Lumpur,https://goo.gl/maps/CE2q8A1rqUfLnF4SA,"Dine-in, No-contact delivery, Takeaway",07:00,19:40
18,"ZUS Coffee - Sri Petaling","Lot 36-J, Jalan Radin Anum, Bandar Baru Sri Petaling, 57000 Kuala Lumpur, Wilayah Persekutuan Kuala Lumpur",Kuala Lumpur,https://goo.gl/maps/CRBGyGYj6qpp4Qib6,"Dine-in, Kerbside pickup, No-contact delivery",07:00,21:40
19,"ZUS Coffee - Pavilion Bukit Jalil","Lot P.1.05.00, Level 1, Pavilion, Persiaran Jalil Utama, Bukit Jalil, 57000 Kuala Lumpur, Wilayah Persekutuan Kuala Lumpur",Kuala Lumpur,https://goo.gl/maps/fDyasTvhs3JmQbzeA,"Dine-in, Kerbside pickup, No-contact delivery",10:00,21:40
20,"ZUS Coffee - Berjaya Times Square","Lot LG-18C-03A, Berjaya Times Square, 1, Jln Imbi, Bukit Bintang, 55100 Kuala Lumpur, Wilayah Persekutuan Kuala Lumpur",Kuala Lumpur,https://goo.gl/maps/FpQtqDUj872Mufkd7,"Dine-in, No-contact delivery, Takeaway",10:00,21:40
21,"ZUS Coffee - Mid Valley Megamall","SECOND FLOOR, Lot SK-10, Lingkaran Syed Putra, Mid Valley City, 59200 Kuala Lumpur, Wilayah Persekutuan Kuala Lumpur",Kuala Lumpur,https://goo.gl/maps/g4FugRDNNbutEqCEA,"Dine-in, Kerbside pickup, No-contact delivery",08:00,21:40
22,"ZUS Coffee - KL East Mall","East Mall, Lot G2K-03A, KL East Mall, Jln Lingkaran Tengah 2, Taman Seri Melati, 53100 Kuala Lumpur",Kuala Lumpur,https://goo.gl/maps/iaBSM94FxsSZhrWf7,"Dine-in, Takeaway",10:00,21:40
23,"ZUS Coffee - Bandar Sungai Long","No 19, Ground Floor, Jalan SL 1/4, Bandar Sungai Long, 43000 Kajang, Selangor",Kajang,https://goo.gl/maps/JUW33rY5syUx5wPJ9,"Dine-in, Kerbside pickup, Delivery",07:00,22:40
24,"ZUS Coffee - Da Men Mall","G-25, Ground Floor, DA MEN Mall, 1, Persiaran Kewajipan, Usj 2, 47600 Subang Jaya, Selangor",Subang Jaya,https://goo.gl/maps/Jw5aNpp3ad92Gopx9,"Dine-in, No-contact delivery, Takeaway",10:00,21:40
25,"ZUS Coffee - Pekan Meru, Klang","195, Jln Meru, Batu 6 1/2, 41050 Klang, Selangor",Klang,https://goo.gl/maps/KGo6jdjPNHe2a2j1A,"Dine-in, Kerbside pickup, No-contact delivery",08:00,22:40
26,"ZUS Coffee - Setia City Mall","L1-120, Level 1, Setia City Mall, Persiaran Setia Dagang, Setia Alam, 40170, Selangor",Setia Alam,https://goo.gl/maps/L7vyRinRvMNHPGhp8,"Dine-in, No-contact delivery, Takeaway",09:30,21:40
27,"ZUS Coffee - Main Place USJ","GF-20, Main Place Mall, Usj 21, 47640 Subang Jaya, Selangor",Subang Jaya,https://goo.gl/maps/LLSeca18BMWBuMTYA,"Dine-in, Takeaway, Delivery",08:00,21:40
28,"ZUS Coffee - Presint 15, Putrajaya","No 43 (Ground Floor, Jln Diplomatik, Presint Diplomatik, 62050 Putrajaya, Wilayah Persekutuan Putrajaya",Putrajaya,https://goo.gl/maps/LWyKNHec3hn7GTRKA,"Dine-in, Kerbside pickup, No-contact delivery",07:00,22:40
29,"ZUS Coffee - Bandar Menjalara","37, Jalan 3/62a, Bandar Menjalara, 52200 Kuala Lumpur, Wilayah Persekutuan Kuala Lumpur",Kuala Lumpur,https://goo.gl/maps/LcbzA6bhyEGRCUKN9,"Dine-in, Kerbside pickup, No-contact delivery",08:00,21:40
30,"ZUS Coffee - KSL Esplanade Mall","LOT G053A, Ground Floor, No 2, Jalan Langat KS9, Bandar Bestari, 42500 Klang, Selangor",Klang,https://goo.gl/maps/MyjQQYEm8CoenS9U8,"Dine-in, No-contact delivery, Takeaway",10:00,21:40
31,"ZUS Coffee - NU Sentral","Lot CC.04A, 201, Jalan Tun Sambanthan, Brickfields, 50470 Kuala Lumpur, Wilayah Persekutuan Kuala Lumpur",Kuala Lumpur,https://goo.gl/maps/NJDM3kBomXgK1x9h7,"Dine-in, Takeaway, Delivery",07:00,21:40
32,"ZUS Coffee - Kota Warisan, Sepang","Unit 63-G, Jln Warisan Sentral 1, Kota Warisan, 43900 Sepang, Selangor",Sepang,https://goo.gl/maps/NrQciFrEzNer3mi5A,"Dine-in, Kerbside pickup, No-contact delivery",07:00,22:40
33,"ZUS Coffee - Taman Kosas, Ampang","No 21 (Ground Floor, Jalan Kosas 1/2, Taman Kosas, 68000 Ampang, Selangor",Ampang,https://goo.gl/maps/PBCMtrnfNQp1iwc57,"Dine-in, No-contact delivery, Takeaway",07:00,22:40
34,"ZUS Coffee - Alamanda Shopping Centre","Lot G22, Ground Floor, Jalan Alamanda, Presint 1, 62000 Putrajaya, Wilayah Persekutuan Putrajaya",Putrajaya,https://goo.gl/maps/PGaneH9TTMDoakEK7,"Dine-in, No-contact delivery, Takeaway",10:00,21:40
35,"ZUS Coffee - Caltex Temiang, Seremban","Lot 40766, Persiaran Sri Pulai 2, 70400 Seremban, Negeri Sembilan",Seremban,https://goo.gl/maps/PmKWTyx7rdN945S79,"Dine-in, Kerbside pickup, No-contact delivery",08:00,21:40
36,"ZUS Coffee - Jaya One","100-P2.017, The School, Jaya One, 72A, Jln Profesor Diraja Ungku Aziz, Seksyen 13, 46200 Petaling Jaya, Selangor",Petaling Jaya,https://goo.gl/maps/PpDnAo6G1b4qmmw89,"Dine-in, No-contact delivery, Takeaway",08:00,21:40
37,"ZUS Coffee - Taman Bukit Anggerik","No.14 (Ground Floor, Jalan 34/154, Taman Bukit Anggerik, 56000 Kuala Lumpur, Wilayah Persekutuan Kuala Lumpur",Kuala Lumpur,https://goo.gl/maps/PvRSFt1uTHd7vgrTA,"Dine-in, No-contact delivery, Takeaway",07:00,22:40
38,"ZUS Coffee - Pearl Point Shopping Mall","LOT F-25. Menara Pearl Point 2. 2A, Jalan Sepadu, Off, Jln Klang Lama, 58200 Kuala Lumpur, Wilayah Persekutuan Kuala Lumpur",Kuala Lumpur,https://goo.gl/maps/RBFn4hcFJg4MpVqf8,"Dine-in, Kerbside pickup, No-contact delivery",10:00,21:40
39,"ZUS Coffee - Bandar Seri Putra, Bangi","13G, Jalan Seri Putra 1/2 Bandar Seri Putra Bangi, 43000 Kajang, Selangor",Kajang,https://goo.gl/maps/RdVTpbpYL7ZCYCLP7,"Dine-in, Kerbside pickup, No-contact delivery",07:00,21:40
40,"ZUS Coffee - Batang Kali","Perniagaan, No 7 (Ground Floor Jalan Mahagoni 7/1A, Seksyen 4, Jalan Mahagoni, Seksyen 4, 44300 Batang Kali, Selangor",Batang Kali,https://goo.gl/maps/RoHgYHj9fXx2CrUM9,"Dine-in, Kerbside pickup, No-contact delivery",08:00,21:40
41,"ZUS Coffee - INTI International College Subang","Cafeteria Level 1, Block B, INTI International College Subang Campus, 3, Jalan SS 15/8, Ss 15, 47500 Subang Jaya, Selangor",Subang Jaya,https://goo.gl/maps/SJ84L8pCBgH8zvxH9,"Dine-in, No-contact delivery, Takeaway",08:00,18:40
42,"ZUS Coffee - EkoCheras Mall","S-63A, 2nd Floor, EkoCheras Mall, No. 693, Batu, 5, Jln Cheras, 56000 Kuala Lumpur",Kuala Lumpur,https://goo.gl/maps/tKrv7d1MDG1gonAj8,"Dine-in, Takeaway, Delivery",10:00,21:40
43,"ZUS Coffee - Melawati Mall","Lot L1-K1, Melawati Mall, Jalan Bandar 12, Taman Melawati, 53100 Kuala Lumpur, Wilayah Persekutuan Kuala Lumpur",Kuala Lumpur,https://goo.gl/maps/T16Urjiiw11yjNer5,"Dine-in, No-contact delivery, Takeaway",10:00,21:40
44,"ZUS Coffee - Eco Sky","G-30, Eco Sky, 972, Batu 6 1/2, Jalan Ipoh, 68100 Kuala Lumpur, Selangor",Kuala Lumpur,https://goo.gl/maps/TA6HUrJFqjFiR7NX9,"Dine-in, No-contact, Takeaway",07:00,22:40
45,"ZUS Coffee - Taman Tas, Kuantan","B4 (Ground Floor, Lorong Pandan Damai 2/4, Taman Pandan Damai, 25150 Kuantan, Pahang",Kuantan,https://goo.gl/maps/TXqqmUfbj9bm1tQu6,"Dine-in, No-contact, Takeaway",09:00,22:40
46,"ZUS Coffee - Jade Hills, Kajang","Dataran Jade, 54-1, Jln Dataran Jade 6, Jade Hills, 43000 Kajang, Selangor",Kajang,https://goo.gl/maps/TfmPQdoZ9MG6uytz6,"Dine-in, No-contact delivery, Takeaway",07:00,22:40
47,"ZUS Coffee - Domestic Departure Gate A Terminal 1 KLIA","Lot CPD Level 3 A06, Gate A, Contact Pier Domestic KLIA, Kuala Lumpur International Airport, 64000 Sepang, Selangor",Sepang,https://goo.gl/maps/Tp6HjUUm8euMfajn6?coh=178572&entry=tt,"Dine-in, Kerbside pickup, No-contact delivery",06:00,23:40
48,"ZUS Coffee - BHPetrol Jalan Ma'arof","78, Jalan Ma'arof, Bangsar, 59000 Kuala Lumpur, Federal Territory of Kuala Lumpur",Kuala Lumpur,https://goo.gl/maps/U4H8v1DnV5TEEiTFA,"Dine-in, Kerbside pickup, No-contact delivery",07:00,21:40
49,"ZUS Coffee - Desa Petaling","29-G, Jalan 3/125d, Desa Petaling, 57100 Kuala Lumpur, Wilayah Persekutuan Kuala Lumpur",Kuala Lumpur,https://goo.gl/maps/UfEC9rJBXdkkJymV8,"Dine-in, Takeaway, Delivery",07:00,22:40
50,"ZUS Coffee - Sunway Metro","No 27 (Ground Floor, Sunway Metro, Jalan PJS 11/28b, Bandar Sunway, 46150 Petaling Jaya, Selangor",Petaling Jaya,https://goo.gl/maps/UoPUbgiicKqwZM8K7,"Dine-in, No-contact delivery, Takeaway",07:00,22:40
51,"ZUS Coffee - MyTOWN Shopping Centre","Lot G-K-15 & 16, Level Ground Floor, MyTOWN Shopping Centre, Jalan Cochrane, Cheras, 55100 Kuala Lumpur",Kuala Lumpur,https://goo.gl/maps/Wnsi5P8APXzrSVsf7,"Dine-in, Kerbside pickup, No-contact delivery",10:00,21:40
52,"ZUS Coffee - AEON Mall Shah Alam","AEON Mall, Jln Akuatik 13/64, Seksyen 13, 40100 Shah Alam, Selangor",Shah Alam,https://goo.gl/maps/WrZgREup9fWacaHWA,"Dine-in, No-contact delivery, Takeaway",10:00,21:40
53,"ZUS Coffee - IOI Mall Puchong","Lot FK-02, First, Jalan Puchong, Bandar Puchong Jaya, 47170 Puchong, Selangor",Puchong,https://goo.gl/maps/WvTgKuDH2CQ98ihY6,"Dine-in, Takeaway, Delivery",10:00,21:40
54,"ZUS Coffee - Teluk Pulai, Klang","No.198 (Ground floor, Jalan Teluk Pulai, Taman Teluk Pulai, 41000 Klang, Selangor",Klang,https://goo.gl/maps/XTcn1fpDW94nPiTj8,"Dine-in, Delivery",08:00,22:40
55,"ZUS Coffee - Mydin USJ Subang Jaya","Lot GSRU-24,GSRU-25, Ground Floor level, MYDIN Subang Jaya, Persiaran Subang Permai, Usj 1, 47500 Subang Jaya, Selangor",Subang Jaya,https://goo.gl/maps/Xx5HyDKByC969rev8,"Dine-in, Kerbside pickup, No-contact delivery",08:00,21:40
56,"ZUS Coffee - Subang Bestari, Shah Alam","No 3 (Ground Floor, Jalan Nova U5/N, Subang Bestari, 40150 Shah Alam, Selangor",Shah Alam,https://goo.gl/maps/YKjfFkXmiFBfKM16A,"Dine-in, Kerbside pickup, No-contact delivery",08:00,22:40
57,"ZUS Coffee - IOI City Mall","L1-K204, New Wing, IOI City Mall, Lbh IRC, Ioi Resort, 62502 City, Putrajaya",Putrajaya,https://goo.gl/maps/Ye9w3xFSiig9n7oeA,"Dine-in, No-contact delivery, Takeaway",10:00,21:40
58,"ZUS Coffee - Setia Taipan 2, Setia Alam","AS U12/AS Setia Alam, 36-G, Jalan Setia Utama AR U13/AR, Taipan 2, 40170 Shah Alam, Selangor",Shah Alam,https://goo.gl/maps/Yy4bN4o3t8KUV65W9,"Dine-in, Takeaway, Delivery",08:00,22:40
59,"ZUS Coffee - Danau Kota Suite","Lot 1-3, Danau Kota Kormesial. 1, Jalan 6A/6, Jalan Taman Ibu Kota aman Danau Kota, Setapak, 53300 Kuala Lumpur, Wilayah Persekutuan Kuala Lumpur",Kuala Lumpur,https://goo.gl/maps/YZt1439jNkhU5RGu8,"Dine-in, No-contact delivery, Takeaway",07:00,22:40
60,"ZUS Coffee - Atria Shopping Gallery","Atria Shopping Mall, Kiosk CK9, Concourse Floor, Jalan SS 22/23, Damansara Jaya, 47400 Petaling Jaya, Selangor",Petaling Jaya,https://goo.gl/maps/Z447kr2pPT44X2ScA,"Dine-in, Takeaway, Delivery",07:00,21:40
61,"ZUS Coffee - 1 Utama Shopping Centre","1 Utama Shopping Centre, Lot L2-SK9, 1, Lebuh Bandar Utama, Bandar Utama, 47800 Petaling Jaya, Selangor",Petaling Jaya,https://goo.gl/maps/Z8rfW3FhuzkqGwJdA,"Dine-in, Takeaway",10:00,21:40
62,"ZUS Coffee - Xiamen University Malaysia","GF, Xiamen University Malaysia, A3 Library Cafe, Jalan Sunsuria, Bandar Sunsuria, 43900 Sepang, Selangor",Sepang,https://goo.gl/maps/ZotrA6JJXknKzcAe9,"Dine-in, Takeaway",08:00,21:40
63,"ZUS Coffee Universiti Kebangsaan Malaysia (Bangunan Pusanika)","Aras Satu, Bangunan Pusanika, Universiti Kebangsaan Malaysia, 43600 Bangi, Selangor",Bangi,https://goo.gl/maps/aaGcJeiphnfkk4DHA,"Dine-in, No-contact delivery, Takeaway",07:00,22:40
64,"ZUS Coffee - AEON Mall Wangsa Maju Alpha Angle","Lot F37. Jalan R1, Seksyen 1 Bandar Baru, Wangsa Maju, 53300 Kuala Lumpur",Kuala Lumpur,https://goo.gl/maps/aofzy7oNitKgUVr4A?coh=178572&entry=tt,"Dine-in, No-contact delivery, Takeaway",10:00,21:40
65,"ZUS Coffee - Megah Rise Mall","Lot G-15, Ground Floor, Megah Rise Mall, Jalan SS 24/11, Taman Megah, 47301 Petaling Jaya, Selangor",Petaling Jaya,https://goo.gl/maps/b73K5H1Ek983SEfH8,"Dine-in, Kerbside pickup, No-contact delivery",07:00,21:40
66,"ZUS Coffee - Jalan Sultan Abdul Samad, Banting","No 213 (Ground Floor, Jalan Sultan Abdul Samad, Bandar Banting, 42700 Banting, Selangor",Banting,https://goo.gl/maps/cHENDvCbTrcD5J1a6,"Dine-in, Kerbside pickup, No-contact delivery",07:00,22:40
67,"ZUS Coffee - Lakefields, Sungai Besi","58-G, Jalan Tasik Utama 5 Medan Niaga Tasik Damai, Sungai Besi, 57000 Kuala Lumpur",Kuala Lumpur,https://goo.gl/maps/dgsWKBS2813Q7Ehm8,"Dine-in, Kerbside pickup, No-contact delivery",07:00,21:40
68,"ZUS Coffee - Quayside Mall","Gamuda Kemuning, 25.7, Persiaran Freesia, TwentyFive.7, 42500 Telok Panglima Garang, Selangor",Telok Panglima Garang,https://goo.gl/maps/eHojDSUCoDMikY7S8,"Dine-in, No-contact delivery, Takeaway",10:00,21:40
69,"ZUS Coffee - AEON Mall","Bukit Raja Shopping Centre, LotG23, Persiaran Bukit Raja 2, Bandar Baru Klang, 41150 Klang, Selangor",Klang,https://goo.gl/maps/eNPD1wjJiYyxMgvE7,"Dine-in, Kerbside pickup, No-contact delivery",10:00,21:40
70,"ZUS Coffee - Taman Danau Desa","No. 11-0-10, Jalan 4/109F, Danau Business Centre, Taman Danau Desa, 58100 Kuala Lumpur",Kuala Lumpur,https://goo.gl/maps/ep7uUzN6Rwszehee7,"Dine-in, Takeaway, Delivery",07:00,21:40
71,"ZUS Coffee - Publika Shopping Gallery","Publika, Lot K1, Level G3, Publika Shopping Gallery, 1, Jln Dutamas 1, Solaris Dutamas, 50480 Kuala Lumpur",Kuala Lumpur,https://goo.gl/maps/er2Frnbt1EsDipdG6,"Dine-in, Takeaway, Delivery",08:00,21:40
72,"ZUS Coffee - Bandar Bukit Raja, Klang","13G, Jalan Rodat 2A/KU5, Bandar Bukit Raja, 41050 Klang, Selangor",Klang,https://goo.gl/maps/euN6UosVpihBmUgq6,"Dine-in, Drive-through, No-contact delivery",08:00,22:40
73,"ZUS Coffee - Residensi Majestic Maxim","No.LG-03, Residensi Majestic Maxim, 45, Jalan 9, Taman Bukit Cheras, 56000 Kuala Lumpur, Wilayah Persekutuan Kuala Lumpur",Kuala Lumpur,https://goo.gl/maps/ewWYcrKErCVrR8A5A,"Dine-in, Kerbside pickup, No-contact delivery",08:00,21:40
74,"ZUS Coffee - the Starling","K-S-202, Second Floor, The Starling Mall, 6, Jalan SS 21/37, Damansara Utama, 47400 Petaling Jaya, Selangor",Petaling Jaya,https://goo.gl/maps/fEQKSKiF9N4rzEVk7,"Dine-in, No-contact delivery, Takeaway",08:30,21:40
75,"ZUS Coffee - SB Mall Sungai Buloh","G-17B, SB Mall, Bukit Rahman Putra, 47000 Sungai Buloh, Selangor",Sungai Buloh,https://goo.gl/maps/fnrzKD1WCu8MzJZy9,"Dine-in, No-contact delivery, Takeaway",10:00,21:40
76,"ZUS Coffee - Menara Worldwide","Ground Floor, Menara Worldwide, 198, Jln Bukit Bintang, Kuala Lumpur, 55100 Kuala Lumpur, Federal Territory of Kuala Lumpur",Kuala Lumpur,https://goo.gl/maps/fuQSdLxcxCAg5xZz9,"Dine-in, No-contact delivery, Takeaway",07:00,17:40
77,"ZUS Coffee - KL Gateway Mall","Lot G.15 & G.16. KL, Gateway Mall, 2, Jalan Kerinchi, Kampung Kerinchi, 59200 Kuala Lumpur, Wilayah Persekutuan Kuala Lumpur",Kuala Lumpur,https://goo.gl/maps/gAD6wBjcKucowH6B7,"Dine-in, Kerbside pickup, No-contact delivery",08:00,21:40
78,"ZUS Coffee - Taman Sri Serdang, Seri Kembangan","3352 (Ground Floor, Jalan 18/32, Taman Sri Serdang, 43300 Seri Kembangan, Selangor",Seri Kembangan,https://goo.gl/maps/hvcxbmcoVodhc5GT9,"Dine-in, Kerbside pickup, No-contact delivery",08:00,21:40
79,"ZUS Coffee - Vista Alam, Seksyen 14 Shah Alam","F-G-29 (Ground Floor, Vista Alam, Jalan Ikhtisas, Seksyen 14, 40000 Shah Alam, Selangor",Shah Alam,https://goo.gl/maps/id8tgjWsiwzczZdk9,"Dine-in, Kerbside pickup, No-contact delivery",08:00,21:40
80,"ZUS Coffee - Bandar Baru Selayang","59, Jalan 2/16, Bandar Baru Selayang, 68100 Batu Caves, Selangor",Batu Caves,https://goo.gl/maps/jr1tADwxQfWhU3tt9,"Dine-in, Kerbside pickup, No-contact delivery",08:00,21:40
81,"ZUS Coffee - SkyPark Terminal","Lot No. G10B, Ground Floor, Sultan Abdul Aziz Shah Airport, SkyPark Terminal, Lapangan Terbang Sultan Abdul Aziz Shah, 47200 Subang, Selangor",Subang Jaya,https://goo.gl/maps/kQxq7pmLMEijYPvf9,"Dine-in, Kerbside pickup, No-contact delivery",06:00,22:40
82,"ZUS Coffee - AEON Mall Taman Maluri","Lot S01, Jalan Jejaka, Maluri, 55100 Cheras, Wilayah Persekutuan Kuala Lumpur",Cheras,https://goo.gl/maps/kZJHiwMJ8q6CciYo7,"Dine-in, No-contact delivery, Takeaway",10:00,21:40
83,"ZUS Coffee @Cheras Leisure Mall","Lot L1-24, Leisure Mall, Jalan Manis 6, Taman Bukit Segar, 56100 Kuala Lumpur, Wilayah Persekutuan Kuala Lumpur",Kuala Lumpur,https://goo.gl/maps/kZMrsniabj6ajf7w8,"Dine-in, Kerbside pickup, No-contact delivery",08:00,22:40
84,"ZUS Coffee - Subang Perdana, Shah Alam","27-G, Jalan Dinar E U3/E, Taman Subang Perdana, 40150 Shah Alam, Selangor",Shah Alam,https://goo.gl/maps/kaPBHQ1bSss5Lcey7,"Dine-in, Kerbside pickup, No-contact delivery",08:00,21:40
85,"ZUS Coffee - University of Nottingham","Block H (Ground Floor, Student Association Building, Jalan Broha, 43500 Semenyih, Selangor",Semenyih,https://goo.gl/maps/khVM8oopnLEYDMLA8?coh=178572&entry=tt,"Dine-in, Kerbside pickup, No-contact delivery",08:00,18:40
86,"ZUS Coffee - Caltex Sungai Choh","Caltex Sg Choh, PT 20499 (Lot 1493, Kampung Stesen, 48200 Rawang, Selangor",Rawang,https://goo.gl/maps/m9mA5w5jBNCcCczS7,"Dine-in, Kerbside pickup, No-contact delivery",09:00,21:40
87,"ZUS Coffee - IOI RIO City, Puchong","Lot 11-1, Ground Floor, IOI Rio City, Lebuh Puteri, Bandar Puteri, 47100 Puchong, Selangor",Puchong,https://goo.gl/maps/noRNa2WrthZToe5e7,"Dine-in, Kerbside pickup, No-contact delivery",08:00,21:40
88,"ZUS Coffee - Temu Business Centre City Of Elmina","No 5 (Ground Floor), Jalan Eserina AA U16/AA Elmina, East, Seksyen U16, 40150 Shah Alam, Selangor",Shah Alam,https://goo.gl/maps/o3iKTrg6rGuo7Nh77,"Dine-in, Kerbside pickup, Delivery",08:00,21:40
89,"ZUS Coffee • The Reef • Rawang","A13A-G, Jalan Reef 1/1, Pusat Perniagaan Reef, 48000 Rawang, Selangor",Rawang,https://goo.gl/maps/oPNR5xyvTJnABbLw8,"Dine-in, Kerbside pickup, No-contact delivery",08:00,21:40
90,"ZUS Coffee - Bukit Tinggi 2, Klang","55, Lorong Batu Nilam 21B, Bandar Bukit Tinggi 2, 41200 Klang, Selangor",Klang,https://goo.gl/maps/pcrkN8KNVyHHUr6q7,"Dine-in, Kerbside pickup, No-contact delivery",08:00,22:40
91,"ZUS Coffee - AEON Mall Taman Equine Shopping Centre","Lot LG13, Lower Ground Floor, Aeon Taman Equine Shopping Centre, 2, Jln Equine, Pusat Bandar Putra Permai, 43300 Seri Kembangan, Selangor",Seri Kembangan,https://goo.gl/maps/pxDE1RrtdRdsRKyu9,"Dine-in, No-contact delivery, Takeaway",10:00,21:40
92,"ZUS Coffee - Spectrum Shopping Mall","Lot CW-5 Cafe Walk, Ground Floor Spectrum Shopping Mall Jalan Wawasan Ampang, 4, 2, Bandar Baru Ampang, 68000 Ampang, Selangor",Ampang,https://goo.gl/maps/q2bZdyKDYkNDbV2VA,"Dine-in, Kerbside pickup, No-contact delivery",08:00,21:40
93,"ZUS Coffee - Bandar Saujana Putra","19-G, Jln SP 1/1, Bandar Saujana Putra, 42610, Selangor",Bandar Saujana Putra,https://goo.gl/maps/qK2Witykh7ddbfhU7,"Dine-in, Kerbside pickup, No-contact delivery",07:00,22:40
94,"ZUS Coffee - Puncak Jalil","No 26 (Ground Floor, Jalan PUJ 3/13, Taman Puncak Jalil, 43300 Seri Kembangan, Selangor",Seri Kembangan,https://goo.gl/maps/qXAHbJcGuzigxw3V9,"Dine-in, Kerbside pickup, No-contact delivery",08:00,21:40
95,"ZUS Coffee - M3 Shopping Mall","GK-10a & GK-10b, Jln Madrasah, Taman Melati, 53100 Kuala Lumpur, Wilayah Persekutuan Kuala Lumpur",Kuala Lumpur,https://goo.gl/maps/qjywrDrnqUGu9wbu5,"Dine-in, Takeaway",10:00,21:40
96,"ZUS Coffee - IOI Mall Damansara","2A, Persiaran Surian, Tropicana Indah, Kota Damansara, 47810 Petaling Jaya, Selangor",Petaling Jaya,https://goo.gl/maps/qko2pt2EoSZbRvnC6,"Dine-in, Takeaway, Delivery",10:00,21:40
97,"ZUS Coffee - NU EMPIRE","LG-07, Level Lower Ground, Empire Shopping Gallery, Jalan SS 16/1, Ss 16, 47500 Subang Jaya, Selangor",Subang Jaya,https://goo.gl/maps/rTq2Mxwc9xTKk3zc9,"Dine-in, Kerbside pickup, No-contact delivery",10:00,21:40
98,"Zus Coffee","No. 23G, Taman, Jalan Bidara 10, Saujana Utama 3, 47000 Sungai Buloh, Selangor",Sungai Buloh,https://goo.gl/maps/rnon9CMra17xr7c86,"Dine-in, Kerbside pickup, No-contact delivery",08:00,22:40
99,"ZUS Coffee - Pandan Indah","No. 15G (Ground Floor, Jalan Perubatan 2, Pandan Indah, 55100 Ampang, Wilayah Persekutuan Kuala Lumpur",Ampang,https://goo.gl/maps/sAaiQ45dXvkmK9XY6,"Dine-in, Kerbside pickup, No-contact delivery",08:00,22:40
100,"ZUS Coffee - Prima Sri Gombak","G-39, Jalan Prima SG 2, Prima Seri Gombak, 68100 Batu Caves, Selangor",Batu Caves,https://goo.gl/maps/uLL2177jWKhyYbP57,"Dine-in, Kerbside pickup, No-contact delivery",08:00,22:40
101,"ZUS Coffee - AEON Mall Metro Prima Kepong","LOT KF2. 1, Jalan Metro Prima, Taman Kepong, 52100 Kuala Lumpur, Wilayah Persekutuan Kuala Lumpur",Kuala Lumpur,https://goo.gl/maps/v1xUPJjziuK1fz8m6,"Dine-in, No-contact delivery, Takeaway",10:00,21:40
102,"ZUS Coffee - PJ New Town","10, Jalan 52/18, Pj New Town, 46200 Petaling Jaya, Selangor",Petaling Jaya,https://goo.gl/maps/vprqmf1SbUoYNUs2A,"Dine-in, Kerbside pickup, No-contact delivery",07:00,22:40
103,"ZUS Coffee - Putra Heights","No 31 (Ground Floor, Jalan Putra Mahkota 7/6c, Putra Point Commercial Centre, 47650 Subang Jaya, Selangor",Subang Jaya,https://goo.gl/maps/vqxPgJJMZJymU7MT9,"Dine-in, Kerbside pickup, No-contact delivery",07:00,22:40
104,"ZUS Coffee - IOI Conezion Putrajaya","A-G-11, Connection Commercial, Persiaran IRC 3 IRC 3, IOI Resort City, 62502 Sepang, Wilayah Persekutuan Putrajaya",Sepang,https://goo.gl/maps/w9o1bgCnSrPuMUSP7,"Dine-in, Kerbside pickup, No-contact delivery",07:00,23:00
105,"ZUS Coffee - Seksyen 13, Shah Alam","50, Jalan Renang 13/26, Tadisma Business Park, Seksyen 13, 40100 Shah Alam, Selangor",Shah Alam,https://goo.gl/maps/xEbiPB9tS7erfrKS6,"Dine-in, Kerbside pickup, No-contact delivery",07:00,22:40
106,"ZUS Coffee - Sentul Point Suites Apartment","BC-G-08 Sentul Point Suite Apartments, Jln Sentul Pasar, Sentul, 51000 Kuala Lumpur",Kuala Lumpur,https://goo.gl/maps/xfiWQ8XhKEhyQq1n9,"Dine-in, Kerbside pickup, No-contact delivery",08:00,21:40
107,"ZUS Coffee - Universiti Malaya","Bangunan Perpustakaan Utama University of Malaya, Lembah Pantai, 50603 Kuala Lumpur, Federal Territory of Kuala Lumpur",Kuala Lumpur,https://goo.gl/maps/xm13sfWxCYfV1Exi8,"Dine-in, Kerbside pickup, No-contact delivery",07:00,22:40
108,"ZUS Coffee - Bukit Sentosa Rawang","19G, Jalan Orkid 1F/2, Bukit Sentosa BS 1 Rawang, 48300 Selangor",Rawang,https://goo.gl/maps/zxCcr3RNAdy3gobj7,"Dine-in, Kerbside pickup, No-contact delivery",08:00,21:40
109,"ZUS Coffee - Kompleks PKNS Shah Alam","Kompleks PKNS, Persiaran Tasik, Seksyen 14, 40000 Shah Alam, Selangor",Shah Alam,https://maps.app.goo.gl/11uRprMV9ixudpHT8,"Dine-in, No-contact delivery, Takeaway",08:00,21:40
110,"ZUS Coffee | Kuchai Entrepreneurs Park","Kuchai Lama, 29, Jalan Kuchai Maju, Kuchai Entrepreneurs Park, 58200 Kuala Lumpur, Federal Territory of Kuala Lumpur",Kuala Lumpur,https://maps.app.goo.gl/1DQNDZUjKwhAr89X7,"Dine-in, No-contact delivery, Takeaway",07:00,22:40
111,"ZUS Coffee - Bangsar Trade Centre","Lot E-1-2(A), Ground Floor, Tower E, Bangsar Trade Centre, Off, Jalan Pantai Baharu, 59200 Kuala Lumpur, Wilayah Persekutuan Kuala Lumpur",Kuala Lumpur,https://maps.app.goo.gl/1QrDViaDCQ7m5Dc58,"Dine-in, No-contact delivery, Takeaway",07:00,21:40
112,"ZUS Coffee - Setia Prima, Setia Alam","8-1-2 (Ground Floor, Jalan Setia Prima P U13/P, Setia Alam, 40170 Shah Alam, Selangor",Shah Alam,https://maps.app.goo.gl/1i1djZnUqsuTjtip7,"Dine-in, No-contact delivery, Takeaway",08:00,22:40
113,"ZUS Coffee - Cubic Botanical, Pantai Dalam","Lower Ground Floor, Residensi Rimba, 6, Jalan Pantai Sentral 3 No. R2-1, Pantai Dalam, 59200 Kuala Lumpur",Kuala Lumpur,https://maps.app.goo.gl/2CFVnP1RUU76rsmZ8,"Dine-in, No-contact delivery, Takeaway",07:00,22:40
114,"ZUS Coffee - Centrepoint Bandar Utama","LOT F103, First Floor, Centrepoint Bandar Utama, 3, Lebuh Bandar Utama, Bandar Utama, 47800 Petaling Jaya, Selangor",Petaling Jaya,https://maps.app.goo.gl/2m3UHhhCWzcUGVi18,"Dine-in, No-contact delivery, Takeaway",08:00,21:40
115,"ZUS Coffee - Menara Technip Energies","38, Jalan Inai, Imbi, 55100 Kuala Lumpur, Wilayah Persekutuan Kuala Lumpur",Kuala Lumpur,https://maps.app.goo.gl/2qhwJWG5A8jf4poW7,"Dine-in, No-contact delivery, Takeaway",07:00,18:40
116,"ZUS Coffee - Taman Segar Perdana, Cheras","No 07GF, Jalan Segar Perdana 2, Taman Segar Perdana, 43200 Cheras, Selangor",Cheras,https://maps.app.goo.gl/3ZVWQuWBvvk32DfV8,"Dine-in, No-contact delivery, Takeaway",07:00,21:40
117,"ZUS Coffee - Jabatan Peguam Negara, Putrajaya","Bangunan Jabatan Peguam Negara AGC, Lot 1, Level 1, Presint 4, 62100 Putrajaya, Wilayah Persekutuan Putrajaya",Putrajaya,https://maps.app.goo.gl/3jKWmERn8sC6ek6V7,"Dine-in, No-contact delivery, Takeaway",07:00,17:40
118,"ZUS Coffee - Eco Majestic, Semenyih","Lot 47, 1, Jln Eco Majestic 10/1A, 43500 Semenyih, Selangor",Semenyih,https://maps.app.goo.gl/5do85BzjhSHZQqGd8,"Dine-in, No-contact delivery, Takeaway",07:00,22:40
119,"ZUS Coffee - Cyberview 23A, Cyberjaya","Persiaran APEC, Cyberview 23A, Cyber 6, 63000 Cyberjaya, Selangor",Cyberjaya,https://maps.app.goo.gl/65eKzyJ3AYr7Ufc26,"Dine-in, Takeaway",09:00,18:40
120,"ZUS Coffee - Shell Cyberjaya Autoville","Stesen Minyak Shell Autoville, Persiaran Multimedia, Cyber 10, 63000 Cyberjaya, Selangor",Cyberjaya,https://maps.app.goo.gl/69dHq3DgYtq3h3Kj6,"Dine-in, No-contact delivery, Takeaway",07:00,22:40
121,"ZUS Coffee - Nadayu 801, Taman Subang Murni","Lot 08, Nadayu 801, Taman Subang Murni, 40150 Shah Alam, Selangor",Shah Alam,https://maps.app.goo.gl/6J4ySUmhzK4ey9dWA,"Dine-in, No-contact delivery, Takeaway",07:00,22:40
122,"ZUS Coffee - Lotus's Bukit Tinggi","Lot GK14, KS 6, 3, Jalan Batu Nilam 6, Bandar Bukit Tinggi 1, 41200 Klang, Selangor",Klang,https://maps.app.goo.gl/6rScsK1tKDm6Mcac6,"Dine-in, No-contact delivery, Takeaway",10:00,21:40
123,"ZUS Coffee - Lot 91 KLCC","Lot C-17, Level Concourse, Permata Sapura, Kuala Lumpur City Centre, 50088 Kuala Lumpur, Wilayah Persekutuan Kuala Lumpur",Kuala Lumpur,https://maps.app.goo.gl/7jfFcmfhtje1aJWr8,"Dine-in, Takeaway",07:00,21:40
124,"ZUS Coffee - Jalan Sultan Yahya Petra, Lundang, Kota Bharu","Lot 2128(GF, Jalan Sultan Yahya Petra, 15200 Kota Bharu, Kelantan",Kota Bharu,https://maps.app.goo.gl/7uwonBiP8Jw9VPNXA,"Dine-in, No-contact delivery, Takeaway",07:00,22:40
125,"ZUS Coffee - UCSI University Kuala Lumpur","UCSI Heights, Lot 6, Block G, Ground Floor, UCSI University, 1, Jalan Menara Gading, Taman Connaught, 56000 Cheras, Wilayah Persekutuan Kuala Lumpur",Cheras,https://maps.app.goo.gl/8nSgs6vCWKjW4MCR8,"Dine-in, No-contact delivery, Takeaway",07:00,19:40
126,"ZUS Coffee - Menara UOA Bangsar","Lot LGF-8, Lower Ground Floor, 5, Jalan Bangsar Utama 1, Bangsar, 59000 Kuala Lumpur, Wilayah Persekutuan Kuala Lumpur",Kuala Lumpur,https://maps.app.goo.gl/9GFMf9ozWFEwVB3Q6,"Dine-in, No-contact delivery, Takeaway",07:00,19:40
127,"ZUS Coffee - Bandar Tun Hussein Onn, Cheras","48A, Jalan Suarasa 8/4, Tun Hussein Onn, 43200 Cheras, Selangor",Cheras,https://maps.app.goo.gl/9JbwtcN2q54sBjhk6,"Dine-in, No-contact delivery, Takeaway",08:00,23:40
128,"ZUS Coffee - TTDI Grove, Kajang","No. 26 (Ground Floor, Jalan TTDI Grove 1/1, 43000 Kajang, Selangor",Kajang,https://maps.app.goo.gl/9RQRxmiGig3X6BXF9,"Dine-in, No-contact delivery, Takeaway",07:00,22:40
129,"ZUS Coffee • Bandar Teknologi Kajang","Hillpark Residence, No. G-8 (Ground Floor), Jalan 1/2, Seksyen 1, Bandar Teknologi Kajang, 43500 Semenyih, Selangor",Semenyih,https://maps.app.goo.gl/9cNsY6ftsn1d5rgx9,"Dine-in, No-contact delivery, Takeaway",07:00,23:00
130,"ZUS Coffee - Citta Mall","G-48 7 G-48A, Ground Floor, Citta Mall, 1, Jalan PJU 1a/48, Ara Damansara, 47301 Petaling Jaya, Selangor",Petaling Jaya,https://maps.app.goo.gl/AGW7mvcrQhFBKF2S6,"Dine-in, No-contact delivery, Takeaway",08:00,21:40
131,"ZUS Coffee - Menara IQ, TRX (Ground Floor)","Unit 001, Ground Floor, Menara IQ, TRX, Imbi, 55188 Kuala Lumpur, Wilayah Persekutuan Kuala Lumpur",Kuala Lumpur,https://maps.app.goo.gl/BPGx2vU7o7WLXtUs6,"Dine-in, No-contact delivery, Takeaway",07:00,17:40
132,"ZUS Coffee - DPulze Shopping Centre, Cyberjaya","Lot EX-GW-01A, Ground Floor, DPulze Shopping Centre Persiaran Multimedia, Cyber 12, Cyberjaya, 63000 Cyberjaya, Selangor",Cyberjaya,https://maps.app.goo.gl/BYiqE3Wdm35hAnVWA,"Dine-in, Kerbside pickup, No-contact delivery",07:00,21:40
133,"ZUS Coffee - Setapak Central Mall","GK-08, Ground Floor, 67, Jln Taman Ibu Kota, Taman Danau Kota, 53300 Kuala Lumpur, Wilayah Persekutuan Kuala Lumpur",Kuala Lumpur,https://maps.app.goo.gl/Bm11m4TsgbU4vHuN7,"Dine-in, No-contact delivery, Takeaway",10:00,21:40
134,"ZUS Coffee - Jalan Kebun Nenas, Klang","47-G, Jln Kebun Nenas 7A/KS8/, Bandar Putera, 41200 Klang, Selangor",Klang,https://maps.app.goo.gl/Bvkksy8u6HjkSVRZ7,"Dine-in, No-contact delivery, Takeaway",07:00,22:40
135,"ZUS Coffee - Southville City","AG09 (Ground Floor, Savanna Lifestyle Retail, Jalan BBLS 2, Bandar Baru Lembah Selatan, 43800 Dengkil, Selangor",Dengkil,https://maps.app.goo.gl/D4ZHpH55QcfbryDy5,"Dine-in, No-contact delivery, Takeaway",07:00,22:40
136,"ZUS Coffee - Setiawangsa","No 30-G (G-Floor, 10/55A, Jalan Setiawangsa 10, Taman Setiawangsa, 54200 Kuala Lumpur, Wilayah Persekutuan Kuala Lumpur",Kuala Lumpur,https://maps.app.goo.gl/EDT9DtreNCn4rwmm8,"Dine-in, No-contact delivery, Takeaway",07:00,22:40
137,"ZUS Coffee - Ampang Point","Ampang Point, 50, Jln Memanda 9, Taman Dato Ahmad Razali, 68000 Ampang, Selangor",Ampang,https://maps.app.goo.gl/EoDEnDH114wWbrLk9,"Dine-in, No-contact delivery, Takeaway",07:00,22:40
138,"ZUS Coffee - SAMA Square","G-02 & 02(E), Ground Floor, Same Square, Kampung Baru Air Panas, 53200 Wilayah Persekutuan, Wilayah Persekutuan Kuala Lumpur",Kuala Lumpur,https://maps.app.goo.gl/EzptbL3cArET9Nw1A,"Dine-in, No-contact delivery, Takeaway",10:00,21:40
139,"ZUS Coffee - MRT Bandar Utama","MRT Bandar Utama, Bandar Utama, 47800 Petaling Jaya, Selangor",Petaling Jaya,https://maps.app.goo.gl/FzLWWCFfbpqx7mTB7,"Dine-in, Takeaway",07:00,21:40
140,"ZUS Coffee - Menara Axis, Petaling Jaya","Grd-05, Ground Floor, Menara Axis, 2, Jalan 51a/223, Seksyen 51a, 46100 Petaling Jaya, Selangor",Petaling Jaya,https://maps.app.goo.gl/GLtte1nwwryXQqKC8,"Dine-in, No-contact delivery, Takeaway",07:00,18:40
141,"ZUS Coffee - Sabak Bernam","No.100 (Ground Floor, Jalan Menteri, Pekan Sabak Bernam, 45200 Sabak, Selangor",Sabak,https://maps.app.goo.gl/GfSJqhuBsUJbtr5M9,"Dine-in, No-contact delivery, Takeaway",08:00,21:40
142,"ZUS Coffee - The Link, Bukit Jalil","No.20(GF), Jalan Jalil Jaya 2, Jalil Link, Bukit Jalil, 57000 Kuala Lumpur",Kuala Lumpur,https://maps.app.goo.gl/GgafJATLe1djdh5z5,"Dine-in, No-contact delivery, Takeaway",07:00,22:40
143,"ZUS Coffee - Wangsa Walk Mall","Wangsa Walk Mall, Wangsa Permai GL-03A & FL-03A and GL-05 & FL-05, BL-03A & BL-05, 53300 Kuala Lumpur, Wilayah Persekutuan Kuala Lumpur",Kuala Lumpur,https://maps.app.goo.gl/HWofKJLBZCt23ckZ6,"Dine-in, No-contact delivery, Takeaway",10:00,21:40
144,"ZUS Coffee - Damansara Perdana, Petaling Jaya","12-1 (Ground floor, Jalan PJU 8/5e, Bandar Damansara Perdana, 47820 Petaling Jaya, Selangor",Petaling Jaya,https://maps.app.goo.gl/Hj1Gu2MMHGabTZXb9,"Dine-in, No-contact delivery, Takeaway",07:00,22:40
145,"ZUS Coffee - Seksyen 3, Bandar Baru Bangi","47-G, Jalan 3/69, Seksyen 3 Bandar Baru Bangi, 43650 Bandar Baru Bangi, Selangor",Bandar Baru Bangi,https://maps.app.goo.gl/JCF1Ug6dFCaiiVzS7,"Dine-in, No-contact delivery, Takeaway",07:00,22:40
146,"ruang kopi .","A-G-9 (Ground Floor), Block A, Dataran Puchong, Jalan PU 7/1, Taman Puchong Utama, 47140 Puchong, Selangor",Puchong,https://maps.app.goo.gl/JFR4PpoU3195PJiQ7,"Dine-in, No-contact delivery, Takeaway",07:00,22:40
147,"ZUS Coffee - Jalan Berangan, Port Klang","No 20(GF, Jalan Berangan, Kawasan 13, 42000 Pelabuhan Klang, Selangor",Klang,https://maps.app.goo.gl/JPkqNrEphcnqGZu76,"Dine-in, No-contact delivery, Takeaway",07:00,20:40
148,"ZUS Coffee - Cybersouth, Dengkil","1, Park Place 1, No 35-G, Jalan PP 1, Cybersouth, 43800 Dengkil, Selangor",Dengkil,https://maps.app.goo.gl/KJGBzSUYVHKFyxTs6,"Dine-in, No-contact delivery, Takeaway",07:00,22:40
149,"ZUS Coffee - Taman Sri Muda","No.16-G (Ground Floor, Jalan Murni 25/61, Taman Sri Muda, 40400 Shah Alam, Selangor",Shah Alam,https://maps.app.goo.gl/KJqteAwTt7SUEaik9,"Dine-in, No-contact delivery, Takeaway",08:00,21:40
150,"ZUS Coffee - GM Klang","A-G-13, Ground Floor, Wholesale City Gm Klang, Jalan Kasuarina 1, Bandar Botanik, 41200 Klang, Selangor",Klang,https://maps.app.goo.gl/KpWWdYpXUwHVqHk9A,"Dine-in, No-contact delivery, Takeaway",09:00,20:40
151,"ZUS Coffee - Suasana PjH, Putrajaya","Unit A-G-R10 & A-G-R11, Block A, Suasana PjH, Jalan Tun Abdul Razak, Presint 2, 62100 Putrajaya, Wilayah Persekutuan Putrajaya",Putrajaya,https://maps.app.goo.gl/KuSAsowCiPCM3ZaY7,"Dine-in, No-contact delivery, Takeaway",07:00,18:40
152,"ZUS Coffee - The Park Sky Residence, Bukit Jalil","The Park Sky Residence @ Bukit Jalil City, 22, Persiaran Jalil Utama, Bukit Jalil, 57000 Kuala Lumpur, Federal Territory of Kuala Lumpur",Kuala Lumpur,https://maps.app.goo.gl/LiYHGJBVCkLptukA9,"Dine-in, Takeaway, Delivery",07:00,21:40
153,"ZUS Coffee - You City III Cheras","Lot no G, AP-8, Jalan Persiaran You City, Taman Suntex, 43200 Cheras, Selangor",Cheras,https://maps.app.goo.gl/MKWRhERopFZX9iwV8,"Dine-in, No-contact delivery, Takeaway",10:00,21:40
154,"ZUS Coffee - Taman Sri Manja","25, Jalan PJS 3/46, Taman Sri Manja, 46000 Petaling Jaya, Selangor",Petaling Jaya,https://maps.app.goo.gl/NC5h4Ka5GpkNqZXv7,"Dine-in, No-contact delivery, Takeaway",08:00,21:40
155,"ZUS Coffee - Seksyen 20, Shah Alam","16, Jalan Singa D 20/D, Seksyen 20, 40300 Shah Alam, Selangor",Shah Alam,https://maps.app.goo.gl/NJWvjTigi6rz1STG7,"Dine-in, No-contact delivery, Takeaway",07:00,22:40
156,"ZUS Coffee - Pinnacle Sri Petaling Mall","G-K-01, Ground Floor, Pinnacle Sri Petaling Mall, Jalan Radin Anum 1, Bandar Baru Sri Petaling, 57000 Kuala Lumpur, Wilayah Persekutuan Kuala Lumpur",Kuala Lumpur,https://maps.app.goo.gl/NYqx1mry2ZT3v6WL6,"Dine-in, No-contact delivery, Takeaway",10:00,21:40
157,"ZUS Coffee - Solaris Mont Kiara","Lot K-OG-14, Soho KL Mont Kiara, 2, Jalan Solaris, Solaris Mont Kiara, 50480",Solaris Mont Kiara,https://maps.app.goo.gl/Nc3SFsKZyhSSgaaF8,"Dine-in, No-contact delivery, Takeaway",07:00,22:40
158,"ZUS Coffee - Menara VSQ, Petaling Jaya","Block 03, Ground Floor, VSQ@PJ City Centre, Jln Utara, Pjs 52, 46200 Petaling Jaya, Selangor",Petaling Jaya,https://maps.app.goo.gl/PAvN2P4C7TSVRLiH9,"Dine-in, Takeaway",07:00,20:40
159,"ZUS Coffee - Centro Mall","Centro Mall, 8, Jalan Batu Tiga Lama, Kawasan 16, 41300 Klang, Selangor",Klang,https://maps.app.goo.gl/PNyXbe5UZ439yJQj9,"Dine-in, No-contact delivery, Takeaway",09:00,21:40
160,"ZUS Coffee - Jaya Shopping Centre","Lot G-01, Jaya Shopping Centre, Jalan 14/17, Seksyen 14 Petaling Jaya, 46100 Selangor",Petaling Jaya,https://maps.app.goo.gl/PPdekSrAX9qRBJPaA,"Dine-in, No-contact delivery, Takeaway",08:30,21:40
161,"ZUS Coffee - Dataran Glomac, Kelana Jaya","C-G-05 (Ground Floor, Jalan SS 6/5b, Dataran Glomac, 47301 Petaling Jaya, Selangor",Petaling Jaya,https://maps.app.goo.gl/PbdUfc36FVxXzXz76,"Dine-in, No-contact delivery, Takeaway",07:00,22:40
162,"ZUS Coffee - UOA Business Park, Shah Alam","Unit Lot- 13-03A, Level 1, UOA Business Park, 1, Jalan Pengaturcara, U1/51A, 40150 Shah Alam, Selangor",Shah Alam,https://maps.app.goo.gl/Pju2yTHLgw6Tqe7P6,"Dine-in, No-contact delivery, Takeaway",07:00,19:40
163,"ZUS Coffee - Micasa Shoppes, Jalan Tun Razak","Lot G.11 & Mezzanine, Micasa Shoppes, 368A, Jln Tun Razak, Taman U Thant, 55000 Wilayah Persekutuan, Wilayah Persekutuan Kuala Lumpur",Kuala Lumpur,https://maps.app.goo.gl/QEMe5NRA75F4wNDS8,"Dine-in, No-contact delivery, Takeaway",07:00,19:40
164,"ZUS, Coffee Meets Pastry - 1 Utama Shopping Centre","Lot G601A, Ground Floor, 1 Utama Shopping Centre, 1, Lebuh Bandar Utama, Bandar Utama, 47800 Petaling Jaya, Selangor",Petaling Jaya,https://maps.app.goo.gl/Qd3UY7VnZNVdPeQU9,"Dine-in, Takeaway",10:00,21:40
165,"ZUS Coffee - Eco Grandeur, Puncak Alam","No 18-G (Ground Floor, Eco Grandeur, Jln. Eco Grandeur 1/9A, 42300 Puncak Alam, Selangor",Puncak Alam,https://maps.app.goo.gl/Ri16uBrxZcHrzipp6,"Dine-in, No-contact delivery, Takeaway",07:00,22:40
166,"ZUS Coffee - MKH Boulevard, Kajang","Lot G-15, MKH Boulevard, Jalan Changkat, Bandar Kajang, 43000 Kajang, Selangor",Kajang,https://maps.app.goo.gl/Rokmgi9ixdxmya7B7,"Dine-in, Takeaway, Delivery",08:00,22:40
167,"ZUS Coffee • Bandar Kinrara 5 • Puchong","No 10(GF, Jln BK 5a/2c, Bandar Kinrara 5, 47180 Puchong, Selangor",Puchong,https://maps.app.goo.gl/SFmvcBUEDf4GNZZd8,"Dine-in, No-contact delivery, Takeaway",07:00,22:40
168,"ZUS Coffee - Uptown Damansara, Petaling Jaya","44-G (Ground Floor, Jalan SS21/39, Damansara Utama, 47400 Petaling Jaya, Selangor",Petaling Jaya,https://maps.app.goo.gl/SGuUWhHHEBNd8mFWA,"Dine-in, No-contact delivery, Takeaway",07:00,22:40
169,"ZUS Coffee - Jakel Mall, Kuala Lumpur","Lot 159, Jakel Square, Lot SC.02 & SC.03, Jakel Mall, Off, Jalan Munshi Abdullah, City Centre, 50100 Kuala Lumpur, Wilayah Persekutuan Kuala Lumpur",Kuala Lumpur,https://maps.app.goo.gl/SinZDdy8GsWQohhr6,"Dine-in, No-contact delivery, Takeaway",08:00,20:40
170,"ZUS Coffee - Central i-City","Lot L1-10A, Level One, Central I-City. 1, Persiaran Multimedia, Seksyen 7, Jalan Plumbum 7/102, I-city, 40000 Shah Alam, Selangor",Shah Alam,https://maps.app.goo.gl/St1WubMeyce9k1Eh9,"Dine-in, No-contact delivery, Takeaway",10:00,21:40
171,"ZUS Coffee - Taman Myra Meranti, Puchong","No. 8A (Ground Floor, Jln MM4, Taman Myra Meranti, 47120 Selangor",Puchong,https://maps.app.goo.gl/T2FaCc1iy6ptTeor8,"Dine-in, No-contact delivery, Takeaway",08:00,21:40
172,"ZUS Coffee - Pavilion Damansara Heights","Lot 2.13.01. Level 2, Pavilion, 3, Jalan Damanlela, Bukit Damansara, 50490 Kuala Lumpur, Wilayah Persekutuan Kuala Lumpur",Kuala Lumpur,https://maps.app.goo.gl/TqbHh3pMfNtRj4ht9,"Dine-in, No-contact delivery, Takeaway",08:00,21:40
173,"ZUS Coffee - LSH33 Sentul","Laman Seri Harmoni (LSH33, 3, Jln Batu Muda Tambahan 3, Sentul, 51100 Kuala Lumpur, Federal Territory of Kuala Lumpur",Kuala Lumpur,https://maps.app.goo.gl/U7EbSxGQbjgtU6Qr8,"Dine-in, No-contact delivery, Takeaway",07:00,22:40
174,"ZUS Coffee - Sri Rampai, Setapak","No.39 (Ground Floor, Jalan 45/26, Taman Sri Rampai, 53300 Kuala Lumpur, Wilayah Persekutuan Kuala Lumpur",Kuala Lumpur,https://maps.app.goo.gl/UFPhAXiUpmb2v9X57,"Dine-in, No-contact delivery, Takeaway",07:00,22:40
175,"ZUS Coffee - Edusentral, Setia Alam","VB-G-07 (Ground Floor, Edu Sentral, Jalan Setia Murni U13/51, Setia Alam Seksyen U13, 40170 Shah Alam, Selangor",Shah Alam,https://maps.app.goo.gl/UojmkGDokTKHbgij9,"Dine-in, No-contact delivery, Takeaway",07:00,22:40
176,"ZUS Coffee - AEON Cheras Selatan","KF3 & KF5, First Floor, Aeon Mall Cheras Jalan Cheras Perdana Cheras, 43200 Balakong, Selangor",Balakong,https://maps.app.goo.gl/UrdwdN3cYSCCSuqB7,"Dine-in, No-contact delivery, Takeaway",10:00,21:40
177,"ZUS Coffee | Taman Bendahara | Kuala Selangor","2, 2A, Jalan Bendahara 1, Taman Bendahara, 45000 Kuala Selangor, Selangor",Kuala Selangor,https://maps.app.goo.gl/vVfbshkjfPtGWHUd8,"Dine-in, Takeaway, Delivery",09:00,21:40
178,"ZUS Coffee - Giant Shah Alam Stadium","A14 - A16, Ground Floor, Giant Shah Alam Stadium, Persiaran Sukan, Seksyen 13, 40100 Shah Alam, Selangor",Shah Alam,https://maps.app.goo.gl/V6jaEgHy2qcw1DJh6,"Dine-in, No-contact delivery, Takeaway",10:00,21:40
179,"ZUS Coffee - Alam Avenue 2, Seksyen 16 Shah Alam","2, C-17-G, Jalan Serai Wangi L 16/L, Seksyen 16, Alam Avenue, 40200 Shah Alam, Selangor",Shah Alam,https://maps.app.goo.gl/VweJD4e4SZETjWmD7,"Dine-in, No-contact delivery, Takeaway",07:00,22:00
180,"ZUS Coffee | OUG Parklane","A1-0-12 (Ground Floor, OUG Parklane, Jalan 1/152, Taman, 58200 Kuala Lumpur, Federal Territory of Kuala Lumpur",Kuala Lumpur,https://maps.app.goo.gl/W24LoGds3JoiD3m37,"Dine-in, No-contact delivery, Takeaway",08:00,22:40
181,"ZUS Coffee - Kenanga Wholesale City, Jalan Gelugor","Ground Floor, Kompleks Kenanga Wholesale City, 2, Jalan Gelugor, Pudu, 55200 Kuala Lumpur, Wilayah Persekutuan Kuala Lumpur",Kuala Lumpur,https://maps.app.goo.gl/YcqBi1cYaSaCHsHJ8,"Dine-in, No-contact delivery, Takeaway",10:00,19:40
182,"Zus Coffee - Ecohill, Semenyih","Setia Ecohill, C-06-01, Blok C, Pusat Komersial Dataran Ecohill, Jln Ecohill 1/2, Setia Ecohill, 43500 Semenyih, Selangor",Semenyih,https://maps.app.goo.gl/bEpkHP48dJJ3ZBSw9,"Dine-in, Kerbside pickup, No-contact delivery",08:00,21:40
183,"ZUS Coffee - SS2, Petaling Jaya","5, Jalan SS 2/67, SS 2, 47300 Petaling Jaya, Selangor",Petaling Jaya,https://maps.app.goo.gl/bWF7JyTj4fsrvduv8,"Dine-in, No-contact delivery, Takeaway",07:00,21:40
184,"ZUS Coffee - Pekan Kapar, Klang","No. 228 (Ground Floor, Jalan Besar KU/13, Pekan Kapar, 42200 Kapar, Selangor",Kapar,https://maps.app.goo.gl/by7nC4Lsh7aMRusSA,"Dine-in, No-contact delivery, Takeaway",07:00,22:40
185,"ZUS Coffee - Lebuh Turi, Klang","Lot No. 88 (Ground Floor, Lebuh Turi, Taman Chi Liung, 41200 Klang, Selangor",Klang,https://maps.app.goo.gl/cMVfNAymsUxDVHWK6,"Dine-in, No-contact delivery, Takeaway",07:00,22:40
186,"ZUS Coffee - KPJ Kajang Specialist Hospital","KPJ Kajang Specialist Hospital, Jalan Cheras, Kampung Sungai Kantan, 43000 Kajang, Selangor",Kajang,https://maps.app.goo.gl/cV26tGNhZYm3Jtgm8,"Dine-in, Takeaway",08:00,20:40
187,"ZUS Coffee - Pasaraya CS Bangi Avenue","Persiaran Bangi Avenue, Taman Bangi Avenue Kiosk K10 & K11 (Ground Floor), No.1, 43000 Kajang, Selangor",Kajang,https://maps.app.goo.gl/cVNJDgm78ZcuzQwy8,"Dine-in, No-contact delivery, Takeaway",10:00,21:40
188,"ZUS Coffee - AEON Mall Bukit Tinggi","Lot F26, AEON Bukit Tinggi Shopping Centre, 1, Persiaran Batu Nilam 1, KS6, 41200 Selangor",Klang,https://maps.app.goo.gl/ciHTbpy7nFNH1xbQA,"Dine-in, No-contact delivery, Takeaway",10:00,21:40
189,"ZUS Coffee - Vista Bangi, Jalan Reko","1-06 (Ground Floor, Vista Bangi, Jalan Reko, 43000 Kajang, Selangor",Kajang,https://maps.app.goo.gl/cjtSfXE8JLt3kB6K6,"Dine-in, No-contact delivery, Takeaway",07:00,22:40
190,"ZUS Coffee - Sunway Velocity Two","158, Jalan Peel, Maluri, 55100 Kuala Lumpur, Wilayah Persekutuan Kuala Lumpur",Kuala Lumpur,https://maps.app.goo.gl/cpAihjdHZWuwS8fg8,"Dine-in, No-contact delivery, Takeaway",08:00,22:40
191,"ZUS Coffee - Semua House","GF.04, Ground Floor, Semua House, Jalan Bunus 6, City Centre, 50100 Wilayah Persekutuan, Wilayah Persekutuan Kuala Lumpur",Kuala Lumpur,https://maps.app.goo.gl/cyFk3f3wuVoRiVCi8,"Dine-in, No-contact delivery, Takeaway",10:00,19:40
192,"ZUS Coffee - The Exchange TRX","Lot C.98.0, The Exchange TRX, Tun Razak Exchange, 55188 Wilayah Persekutuan, Wilayah Persekutuan Kuala Lumpur",Kuala Lumpur,https://maps.app.goo.gl/dF2G1ifX7ZNim34X9,"Dine-in, No-contact delivery, Takeaway",10:00,21:40
193,"ZUS Coffee - Sungei Wang Plaza","Lot PK-5, Sungei Wang Plaza, Jln Sultan Ismail, Bukit Bintang, 55100 Kuala Lumpur, Federal Territory of Kuala Lumpur",Kuala Lumpur,https://maps.app.goo.gl/dV42oSX7g5ekeQZq8,"Dine-in, Takeaway, Delivery",10:00,21:40
194,"ZUS Coffee - Prima Saujana, Kajang","20 (GF, Jln Prima Saujana 5/4, Prima Saujana, 43000 Kajang, Selangor",Kajang,https://maps.app.goo.gl/eEyMwE9Vq4HixWfL6,"Dine-in, No-contact delivery, Takeaway",07:00,22:40
195,"ZUS Coffee - Olive Hill, Seri Kembangan","Pusat Perdagangan Olive Hill, No 36 (LG), Jalan BS 1/3, Seksyen 1, Taman Bukit Serdang, 43300 Seri Kembangan, Selangor",Seri Kembangan,https://maps.app.goo.gl/ecQ6XHq5W4oN447aA,"Dine-in, No-contact delivery, Takeaway",08:00,21:40
196,"ZUS Coffee - Alam Budiman, Shah Alam","53-G, Jalan Pulau Lumut P U10/P Alam Budiman, Seksyen, U10, 40170 Shah Alam, Selangor",Shah Alam,https://maps.app.goo.gl/ffTrhw66NZuooUKS8,"Dine-in, No-contact delivery, Takeaway",07:00,22:40
197,"ZUS Coffee - Lorong Pandan Pertama 5, Ampang","SA-10-G, Lrg Pandan Pertama 5, Taman Pandan Utama, 68000 Ampang, Selangor",Ampang,https://maps.app.goo.gl/g6F67nL4MK6bNaKg9,"Dine-in, No-contact delivery, Takeaway",07:00,22:40
198,"ZUS Coffee - Sunway Pyramid Shopping Mall","Lot LG2.37, Level LG2, Sunway Pyramid, 3, Jalan PJS 11/15, Bandar Sunway, 47500 Petaling Jaya, Selangor",Petaling Jaya,https://maps.app.goo.gl/gEZekwMHNSMr48rM8,"Dine-in, No-contact delivery, Takeaway",10:00,21:40
199,"ZUS Coffee - Desa Aman Puri, Kepong","Jalan Desa 2/2, Desa Aman Puri, 52100 Kuala Lumpur, Wilayah Persekutuan Kuala Lumpur",Kuala Lumpur,https://maps.app.goo.gl/gU68hxYf1toPTHoR6,"Dine-in, No-contact delivery, Takeaway",07:00,22:40
200,"ZUS Coffee - M Vertica, Cheras","10(GF, M Vertica Retail Shop, 555, Lot G, Jln Cheras, Taman Pertama, 56000 Kuala Lumpur, Wilayah Persekutuan Kuala Lumpur",Kuala Lumpur,https://maps.app.goo.gl/gxwDwJLy9CN4eKZS7,"Dine-in, No-contact delivery, Takeaway",07:00,22:40
201,"ZUS Coffee - Cheras Business Centre","6, Jalan 5/101c, Cheras Business Centre, 56100 Cheras, Wilayah Persekutuan Kuala Lumpur",Kuala Lumpur,https://maps.app.goo.gl/hFRNP2j8XUnkfNEHA,"Dine-in, No-contact delivery, Takeaway",07:00,21:40
202,"ZUS Coffee - Plaza Low Yat","Lot LG-04 & 05, Lower Ground Floor, Plaza Low Yat, 7, Jalan Bintang, Bukit Bintang, 55100 Kuala Lumpur, Wilayah Persekutuan Kuala Lumpur",Kuala Lumpur,https://maps.app.goo.gl/hP7wXLwkdTDEP9Jk8,"Dine-in, No-contact delivery, Takeaway",10:00,21:40
203,"ZUS Coffee - Sunway Gandaria, Bangi","2, Sunway Gandaria, UG-11, Jalan Pusat Bandar, Seksyen 9 Bandar Baru Bangi, 43650 Bangi, Selangor",Bangi,https://maps.app.goo.gl/hP9njvTKvXUyszMQ7,"Dine-in, Kerbside pickup, No-contact delivery",08:00,21:40
204,"ZUS Coffee - Desa Pandan, Ampang","No 35 (Ground Floor, Jalan 3/76d, Desa Pandan, 55100 Kuala Lumpur, Wilayah Persekutuan Kuala Lumpur",Kuala Lumpur,https://maps.app.goo.gl/ib8foAkecu9ePYRQ8,"Dine-in, No-contact delivery, Takeaway",07:00,22:40
205,"ZUS Coffee - Gateway@KLIA Terminal 2 (Arrival Hall, Level 2)","Lot No. L2-90B, Level 2 gateway@KLIA2, Lbh KLIA, Kuala Lumpur International Airport, 43900 Selangor",Sepang,https://maps.app.goo.gl/ix7SbeVWTn9Ya3JS7,"Dine-in, No-contact delivery, Takeaway",07:00,22:40
206,"ZUS Coffee - Jenjarom","No. 37 (Ground Floor, Jalan 2/1, Taman Seri Jaromas, 42600 Jenjarom, Selangor",Jenjarom,https://maps.app.goo.gl/jij7okFL6ZQ6oDj38,"Dine-in, No-contact delivery, Takeaway",07:00,22:40
207,"ZUS Coffee - Plaza Shah Alam","S19, Second Floor, Jl. Tengku Ampuan Zabedah E 9/E, Seksyen 9, 40100 Shah Alam, Selangor",Shah Alam,https://maps.app.goo.gl/jmCaSVSHEAZX1uCPA,"Dine-in, No-contact delivery, Takeaway",09:00,21:40
208,"ZUS Coffee - MSU Medical Centre","Lot A01 (Ground Floor), MSU Medical Centre, University Drive, Off, Persiaran Olahraga, Seksyen 13, 40100 Shah Alam, Selangor",Shah Alam,https://maps.app.goo.gl/jqLkNUJLJTSDrwiv5,"Dine-in, No-contact delivery, Takeaway",07:00,22:40
209,"ZUS Coffee - Fortune Centra, Kepong","G-16, Fortune Centra, 2, Jalan Metro Perdana 6, Taman Usahawan Kepong, 52100 Kuala Lumpur, Wilayah Persekutuan Kuala Lumpur",Kuala Lumpur,https://maps.app.goo.gl/kRSQA7sxDiTShDGL6,"Dine-in, Drive-through, No-contact delivery",07:00,21:40
210,"ZUS Coffee - Caltex Eco Ardence","Lot P1, Jalan Eco Ardence U12/36, Seksyen U12, 40170 Shah Alam, Selangor",Shah Alam,https://maps.app.goo.gl/kZxYiKdfidnaDftEA,"Dine-in, Drive-through, No-contact delivery",07:00,22:40
211,"ZUS Coffee - Avenue K Shopping Mall","Lot C-6, Level Concourse, Avenue K, 156, Jln Ampang, 50450 Kuala Lumpur, Wilayah Persekutuan Kuala Lumpur",Kuala Lumpur,https://maps.app.goo.gl/m5H6LUwbe4C68hQX9,"Dine-in, No-contact delivery, Takeaway",10:00,21:40
212,"ZUS Coffee - MAB Academy Campus Sepang","Southern Support Zone, Level 1, MAB Academy (MABA Campus) Building, Kuala Lumpur International Airport, 64000 Sepang, Selangor",Sepang,https://maps.app.goo.gl/mLzPwsEm91VMgbhs7,"Dine-in, Takeaway",09:00,17:10
213,"ZUS Coffee • Pekan Semenyih","No.40 (Ground Floor, Jalan Pasar Baru, Pekan Semenyih, 43500 Semenyih, Selangor",Semenyih,https://maps.app.goo.gl/mT7LLGgzhHkHxAUbA,"Dine-in, No-contact delivery, Takeaway",08:00,21:40
214,"ZUS Coffee - Bintang Fairlane Residence","B01 (Ground Floor), Block B, Retail 1, Bintang Fairlane. 23 Jalan Padang, Lorong Walter Grenier, 55100 Kuala Lumpur, Wilayah Persekutuan Kuala Lumpur",Kuala Lumpur,https://maps.app.goo.gl/mvZdYjtUQedZ75me9,"Dine-in, Takeaway",10:00,21:40
215,"ZUS Coffee - AEON BiG Wangsa Maju","6, Section 5, AEON BIG, F1 - 11, Jalan 8/27a, Wangsa Maju, 53300 Kuala Lumpur, Federal Territory of Kuala Lumpur",Kuala Lumpur,https://maps.app.goo.gl/nuMteM6vU4YrhtHb9,"Dine-in, No-contact delivery, Takeaway",10:00,21:40
216,"ZUS Coffee - KL Traders Square","51-G, BLOCK B, PLAZA KL TRADERS SQUARE, Kampung Kuantan, 53000 Kuala Lumpur, Federal Territory of Kuala Lumpur",Kuala Lumpur,https://maps.app.goo.gl/ovNcaWjp4BCQgJbp7,"Dine-in, No-contact delivery, Takeaway",07:00,22:40
217,"ZUS Coffee- Anggun City, Rawang","Lot 40-1, Pusat Komersial Anggun City, 1, Jalan Anggun City 1, Taman Anggun, 48000 Rawang, Selangor",Rawang,https://maps.app.goo.gl/pNRC9HwFT298kdUaA,"Dine-in, No-contact delivery, Takeaway",10:00,21:40
218,"ZUS Coffee - Pertama Complex, Kuala Lumpur","Kiosk No. 3, Kompleks Pertama, Jalan Tuanku Abdul Rahman, Chow Kit, 50100 Kuala Lumpur, Wilayah Persekutuan Kuala Lumpur",Kuala Lumpur,https://maps.app.goo.gl/qaW4ZmnjGioUqLYV8,"Dine-in, No-contact delivery, Takeaway",07:00,21:40
219,"ZUS Coffee - Bandar Damai Perdana, Cheras","No 19G (Ground floor, Jalan Damai Perdana 1/9b, Bandar Damai Perdana, 56000 Kuala Lumpur, Federal Territory of Kuala Lumpur",Kuala Lumpur,https://maps.app.goo.gl/qnporqATyiphhS488,"Dine-in, No-contact delivery, Takeaway",07:00,22:40
220,"ZUS Coffee - Vestland Commercial Centre","G-3B (Ground Floor), Subplace Boulevard Pusat Kormersil Vestland, 6, Jalan Juruanalisis U1/35, Seksyen U1, 40150 Shah Alam, Selangor",Shah Alam,https://maps.app.goo.gl/qyNRDn9vdyN7ebpa9,"Dine-in, No-contact delivery, Takeaway",07:00,21:40
221,"ZUS Coffee - Universiti Malaya Centre for Continuing Education","VIP Dining, Cyberview 23, Jalan Teknokrat 3, Cyber 4, 63000 Cyberjaya, Selangor",Cyberjaya,https://maps.app.goo.gl/r9fWQegqWYNN5YGh9,"Dine-in, No-contact delivery, Takeaway",08:00,16:40
222,"ZUS Coffee - Shaftsbury Square, Cyberjaya","Level P1-23, Lot 2350, Shaftsbury Square, Cyber 6, 63000 Cyberjaya, Selangor",Cyberjaya,https://maps.app.goo.gl/rEPRLDbi6WzySivA6,"Dine-in, No-contact delivery, Takeaway",07:00,22:40
223,"ZUS Coffee - BHPetrol Karak Highway","Stesen Minyak BP, Lot 1173, Lebuhraya Kuala Lumpur - Karak, 53000 Kuala Lumpur, Wilayah Persekutuan Kuala Lumpur",Kuala Lumpur,https://maps.app.goo.gl/rrkBGoVKpBATxEt89,"Dine-in, No-contact delivery, Takeaway"
224,"ZUS Coffee - The Mines Shopping Mall","The Mines Shopping Mall, Level 3-21A, Jalan Dulang Seri Kembangan, 43300 Kuala Lumpur, Selangor",Kuala Lumpur,https://maps.app.goo.gl/sQUfwMYdT15j6Zj9A,"Dine-in, Takeaway, Delivery",10:00,21:40
225,"ZUS Coffee - Sunway Velocity Mall","Lot 1-22, First Floor, Sunway Velocity Mall, Lingkaran Sunway Velocity, Maluri, 55100 Kuala Lumpur, Wilayah Persekutuan Kuala Lumpur",Kuala Lumpur,https://maps.app.goo.gl/tSr4cVgTudc9g7RKA,"Dine-in, Takeaway, Delivery",10:00,21:40
226,"Ready-To ZUS - Holiday Inn Express Hotel KL","Lot G01, Ground Floor, 84, Jalan Raja Chulan, Kuala Lumpur, 50200 Wilayah Persekutuan, Wilayah Persekutuan Kuala Lumpur",Kuala Lumpur,https://maps.app.goo.gl/tTGVQUum8VZxHCiDA,"Dine-in, No-contact delivery, Takeaway",07:00,21:40
227,"ZUS Coffee - Seksyen 18, Shah Alam","15G (Ground Floor, Jalan Pinang B 18/B, Seksyen 18, 40200 Shah Alam, Selangor",Shah Alam,https://maps.app.goo.gl/tV4tVt5hoCqVVS7d6,"Dine-in, No-contact delivery, Takeaway",07:00,22:40
228,"ZUS Coffee - Selera Putra, Souq Putrajaya","Lot G-005, Selera Putra, Souq, Presint 1, 62000 Putrajaya, Wilayah Persekutuan Putrajaya",Putrajaya,https://maps.app.goo.gl/u8mwJJX78gsH9Cd66,"Dine-in, No-contact delivery, Takeaway",09:00,20:40
229,"ZUS Coffee - KIPMall Bangi","Resort, 1K-03A, Level 1. 1 Jalan Medan Bangi Business Park Bangi Golf, Off, Persiaran Kemajuan, Seksyen 6, 43650 Bandar Baru Bangi, Selangor",Bandar Baru Bangi,https://maps.app.goo.gl/uR1tJeAs3S9T1Hgy5,"Dine-in, No-contact delivery, Takeaway",10:00,21:40
230,"ZUS Coffee - Bloomsvale Shopping Gallery","Bloomsvale Shopping Gallery, 137, Jalan Puchong, 58200 Kuala Lumpur, Federal Territory of Kuala Lumpur",Kuala Lumpur,https://maps.app.goo.gl/uYE7LuvdEp2yugjXA,"Dine-in, No-contact delivery, Takeaway",10:00,21:40
231,"ZUS Coffee - Kuala Kubu Bharu","No.18(GF, Jalan Mat Kilau, Pekan Kuala Kubu Bharu, 44000 Kuala Kubu Baru, Selangor",Kuala Kubu Baru,https://maps.app.goo.gl/vfdaNXFcxBcmHrq16,"Dine-in, No-contact delivery, Takeaway",09:00,21:40
232,"ZUS Coffee - Pekan Sekinchan","No.15 (Ground Floor, Jalan Peria, Pekan Sekinchan, 45400 Sekinchan, Selangor",Sekinchan,https://maps.app.goo.gl/wFX1izTnAqp11QqQ7,"Dine-in, No-contact delivery, Takeaway",09:00,21:40
233,"ZUS Coffee - Seventeen Mall","998, Jalan 17/38, Seksyen 17, 46400 Petaling Jaya, Selangor",Petaling Jaya,https://maps.app.goo.gl/wg2ZfHJZQJP5gcnm7,"Dine-in, No-contact delivery, Takeaway",10:00,21:40
234,"ZUS Coffee - Damansara Damai","L-013 (Ground Floor, Vista Shop, Jalan PJU 10/2a, Damansara Damai, 47830 Petaling Jaya, Selangor",Petaling Jaya,https://maps.app.goo.gl/x3vfoWpBpRLG9K327,"Dine-in, No-contact delivery, Takeaway",07:00,21:40
235,"ZUS Coffee - Seksyen 7, Bandar Baru Bangi","No.48G (Ground Floor, Jalan 7/7a, Seksyen 7, 43650 Bandar Baru Bangi, Selangor",Bandar Baru Bangi,https://maps.app.goo.gl/y6AehkccGpJHt4Fx9,"Dine-in, No-contact delivery, Takeaway",07:00,22:40
236,"ZUS Coffee - TTDI Jaya, Shah Alam","U2, No.33 (Ground Floor), Jalan Opera F U2/F, Seksyen, Taman TTDI Jaya, 40150 Shah Alam, Selangor",Shah Alam,https://maps.app.goo.gl/y6JS8BiUbaStYPDPA,"Dine-in, No-contact delivery, Takeaway",07:00,21:40
237,"ZUS Coffee - Kidzania Kuala Lumpur","Curve Nx, Jalan PJU 7/5, Mutiara Damansara, 47810 Petaling Jaya, Selangor",Petaling Jaya,https://maps.app.goo.gl/y8ftJcN4VPpD37U8A,"Dine-in, No-contact delivery, Takeaway",10:00,17:40
238,"ZUS Coffee Monash University Malaysia Lepak Place","Lepak Place Monash University Malaysia, Jalan Lagoon Selatan, Bandar Sunway, 47500 Petaling Jaya, Selangor",Petaling Jaya,https://maps.app.goo.gl/yiZH7dYYP8vJFZsi7,"Dine-in, Takeaway",07:00,19:40
239,"ZUS Coffee - Taipan Business Centre","9, Jalan USJ 10/1e, Taipan Business Centre, 47620 Subang Jaya, Selangor",Subang Jaya,https://maps.app.goo.gl/ypaC1vcYetCYs3aV8,"Dine-in, No-contact delivery, Takeaway",07:00,23:00
240,"ZUS Coffee - Jalan Seri Mas 1, Hulu Langat","No.33 (Ground Floor, Jln Seri Mas 1, Taman Seri Emas, 43100 Hulu Langat, Selangor",Hulu Langat,https://maps.app.goo.gl/zGHiZHjhXuJDtNvo6,"Dine-in, No-contact delivery, Takeaway",08:00,22:40
241,"ZUS Coffee - Bukit Tinggi 1, Klang","26-G, Lorong Batu Nilam 3A, Bandar Bukit Tinggi 1, 41200 Klang, Selangor",Klang,https://maps.app.goo.gl/zM1roarwqnoHVk7YA,"Dine-in, No-contact delivery, Takeaway",09:00,21:40
242,"ZUS Coffee - Gateway@KLIA Terminal 2 (Departure Hall, Level 3)","Selangor, Sepang, Kuala Lumpur International Airport, Gateway@KLIA2",Sepang,https://maps.app.goo.gl/zokxx7yUmHcStc978,"Dine-in, No-contact delivery, Takeaway",07:00,22:40
